Workbook

Sheet How to use
A1: How to run the bake-off
A4: The point | B4: Two tools guessing at a price tell you which one sounds more confident. Only the price an item actually sells for tells you which one was right. This sheet tracks both guesses against reality.
A6: 1. Set your costs | B6: Open the Settings tab and put in your real fees, shipping, and pickup cost. Takes two minutes and everything else depends on it.
A7: 2. Pick a rival | B7: Sign up for a free tier of one competitor — Underpriced.App gives you 10 free analyses, which is enough to start.
A8: 3. Appraise twice | B8: When you find a listing worth considering, run it through both tools before you decide anything. Log both answers in the Bake-off Log.
A9: 4. Log it even when you walk | B9: Rows where you didn't buy are still worth recording — they show you which tool talks you out of things.
A10: 5. Fill in reality later | B10: When something you bought finally sells, come back and enter what it sold for. That's the moment the row becomes worth having.
A11: 6. Read the Scorecard | B11: It updates itself. Check it once you have about ten sold items.
A13: What to watch for | B13: A tool being consistently HIGH is the dangerous failure — it makes bad buys look good. Consistently low just means missed opportunities, which is cheaper.
A15: Yellow cells | B15: Anything yellow is yours to type in. White cells with numbers work themselves out — don't overwrite them.

Sheet Settings
A1: Your Costs
A2: Type your real numbers in the yellow cells. Everything on the Log and Scorecard tabs uses them.
A4: Item | B4: Value | C4: What it means
A5: Resale platform fee | B5: 0.1335 | C5: Percent of the sale price the platform takes. eBay is roughly 13.35% in most categories; check your own.
A6: Platform fixed fee | B6: 0.4 | C6: Flat per-order fee.
A7: Shipping cost | B7: 14 | C7: What you actually pay to ship one item. Enter 0 if you resell locally.
A8: Packaging cost | B8: 3 | C8: Box, tape, label, filler.
A9: Pickup cost | B9: 12 | C9: Round trip: gas, tolls, and your time.
A12: Defaults shown are generic starting points, not researched figures for your business. Replace them.

Sheet Bake-off Log
A1: Appraisal Bake-off Log
A2: One row per listing. Fill the yellow columns as you go — you won't know the last two until the item actually sells. Grey row 5 is an example; delete it when you start.
A4: Date | B4: Item | C4: Listing link | D4: Asking price | E4: COPILOT resale est. | F4: COPILOT walk-away | G4: COPILOT verdict | H4: OTHER tool name | I4: OTHER resale est. | J4: OTHER verdict / score | K4: Bought it? | L4: What you paid | M4: What it SOLD for | N4: Actual profit | O4: Copilot error | P4: Other error | Q4: Who was closer | R4: Notes
A5: 2026-08-14 | B5: MacBook Pro 14 M2 Pro 512GB | C5: fb.com/marketplace/item/123 | D5: 700 | E5: 1050 | F5: 612 | G5: pass | H5: Underpriced.App | I5: 980 | J5: Good deal | K5: N | N5: =IF(OR($L5="",$M5=""),"",$M5-($M5*Settings!$B$5)-Settings!$B$6-Settings!$B$7-Settings!$B$8-$L5-Settings!$B$9) | O5: =IF(OR($E5="",$M5="",$M5=0),"",ABS($E5-$M5)/$M5) | P5: =IF(OR($I5="",$M5="",$M5=0),"",ABS($I5-$M5)/$M5) | Q5: =IF(OR($O5="",$P5=""),"",IF($O5<$P5,"Copilot",IF($P5<$O5,"Other","Tie"))) | R5: Passed — their number was rosier than mine, no way to know who was right without buying. | S5: <- example row, delete it
N6: =IF(OR($L6="",$M6=""),"",$M6-($M6*Settings!$B$5)-Settings!$B$6-Settings!$B$7-Settings!$B$8-$L6-Settings!$B$9) | O6: =IF(OR($E6="",$M6="",$M6=0),"",ABS($E6-$M6)/$M6) | P6: =IF(OR($I6="",$M6="",$M6=0),"",ABS($I6-$M6)/$M6) | Q6: =IF(OR($O6="",$P6=""),"",IF($O6<$P6,"Copilot",IF($P6<$O6,"Other","Tie")))
N7: =IF(OR($L7="",$M7=""),"",$M7-($M7*Settings!$B$5)-Settings!$B$6-Settings!$B$7-Settings!$B$8-$L7-Settings!$B$9) | O7: =IF(OR($E7="",$M7="",$M7=0),"",ABS($E7-$M7)/$M7) | P7: =IF(OR($I7="",$M7="",$M7=0),"",ABS($I7-$M7)/$M7) | Q7: =IF(OR($O7="",$P7=""),"",IF($O7<$P7,"Copilot",IF($P7<$O7,"Other","Tie")))
N8: =IF(OR($L8="",$M8=""),"",$M8-($M8*Settings!$B$5)-Settings!$B$6-Settings!$B$7-Settings!$B$8-$L8-Settings!$B$9) | O8: =IF(OR($E8="",$M8="",$M8=0),"",ABS($E8-$M8)/$M8) | P8: =IF(OR($I8="",$M8="",$M8=0),"",ABS($I8-$M8)/$M8) | Q8: =IF(OR($O8="",$P8=""),"",IF($O8<$P8,"Copilot",IF($P8<$O8,"Other","Tie")))
N9: =IF(OR($L9="",$M9=""),"",$M9-($M9*Settings!$B$5)-Settings!$B$6-Settings!$B$7-Settings!$B$8-$L9-Settings!$B$9) | O9: =IF(OR($E9="",$M9="",$M9=0),"",ABS($E9-$M9)/$M9) | P9: =IF(OR($I9="",$M9="",$M9=0),"",ABS($I9-$M9)/$M9) | Q9: =IF(OR($O9="",$P9=""),"",IF($O9<$P9,"Copilot",IF($P9<$O9,"Other","Tie")))
N10: =IF(OR($L10="",$M10=""),"",$M10-($M10*Settings!$B$5)-Settings!$B$6-Settings!$B$7-Settings!$B$8-$L10-Settings!$B$9) | O10: =IF(OR($E10="",$M10="",$M10=0),"",ABS($E10-$M10)/$M10) | P10: =IF(OR($I10="",$M10="",$M10=0),"",ABS($I10-$M10)/$M10) | Q10: =IF(OR($O10="",$P10=""),"",IF($O10<$P10,"Copilot",IF($P10<$O10,"Other","Tie")))
N11: =IF(OR($L11="",$M11=""),"",$M11-($M11*Settings!$B$5)-Settings!$B$6-Settings!$B$7-Settings!$B$8-$L11-Settings!$B$9) | O11: =IF(OR($E11="",$M11="",$M11=0),"",ABS($E11-$M11)/$M11) | P11: =IF(OR($I11="",$M11="",$M11=0),"",ABS($I11-$M11)/$M11) | Q11: =IF(OR($O11="",$P11=""),"",IF($O11<$P11,"Copilot",IF($P11<$O11,"Other","Tie")))
N12: =IF(OR($L12="",$M12=""),"",$M12-($M12*Settings!$B$5)-Settings!$B$6-Settings!$B$7-Settings!$B$8-$L12-Settings!$B$9) | O12: =IF(OR($E12="",$M12="",$M12=0),"",ABS($E12-$M12)/$M12) | P12: =IF(OR($I12="",$M12="",$M12=0),"",ABS($I12-$M12)/$M12) | Q12: =IF(OR($O12="",$P12=""),"",IF($O12<$P12,"Copilot",IF($P12<$O12,"Other","Tie")))
N13: =IF(OR($L13="",$M13=""),"",$M13-($M13*Settings!$B$5)-Settings!$B$6-Settings!$B$7-Settings!$B$8-$L13-Settings!$B$9) | O13: =IF(OR($E13="",$M13="",$M13=0),"",ABS($E13-$M13)/$M13) | P13: =IF(OR($I13="",$M13="",$M13=0),"",ABS($I13-$M13)/$M13) | Q13: =IF(OR($O13="",$P13=""),"",IF($O13<$P13,"Copilot",IF($P13<$O13,"Other","Tie")))
N14: =IF(OR($L14="",$M14=""),"",$M14-($M14*Settings!$B$5)-Settings!$B$6-Settings!$B$7-Settings!$B$8-$L14-Settings!$B$9) | O14: =IF(OR($E14="",$M14="",$M14=0),"",ABS($E14-$M14)/$M14) | P14: =IF(OR($I14="",$M14="",$M14=0),"",ABS($I14-$M14)/$M14) | Q14: =IF(OR($O14="",$P14=""),"",IF($O14<$P14,"Copilot",IF($P14<$O14,"Other","Tie")))
N15: =IF(OR($L15="",$M15=""),"",$M15-($M15*Settings!$B$5)-Settings!$B$6-Settings!$B$7-Settings!$B$8-$L15-Settings!$B$9) | O15: =IF(OR($E15="",$M15="",$M15=0),"",ABS($E15-$M15)/$M15) | P15: =IF(OR($I15="",$M15="",$M15=0),"",ABS($I15-$M15)/$M15) | Q15: =IF(OR($O15="",$P15=""),"",IF($O15<$P15,"Copilot",IF($P15<$O15,"Other","Tie")))
N16: =IF(OR($L16="",$M16=""),"",$M16-($M16*Settings!$B$5)-Settings!$B$6-Settings!$B$7-Settings!$B$8-$L16-Settings!$B$9) | O16: =IF(OR($E16="",$M16="",$M16=0),"",ABS($E16-$M16)/$M16) | P16: =IF(OR($I16="",$M16="",$M16=0),"",ABS($I16-$M16)/$M16) | Q16: =IF(OR($O16="",$P16=""),"",IF($O16<$P16,"Copilot",IF($P16<$O16,"Other","Tie")))
N17: =IF(OR($L17="",$M17=""),"",$M17-($M17*Settings!$B$5)-Settings!$B$6-Settings!$B$7-Settings!$B$8-$L17-Settings!$B$9) | O17: =IF(OR($E17="",$M17="",$M17=0),"",ABS($E17-$M17)/$M17) | P17: =IF(OR($I17="",$M17="",$M17=0),"",ABS($I17-$M17)/$M17) | Q17: =IF(OR($O17="",$P17=""),"",IF($O17<$P17,"Copilot",IF($P17<$O17,"Other","Tie")))
... N104: =IF(OR($L104="",$M104=""),"",$M104-($M104*Settings!$B$5)-Settings!$B$6-Settings!$B$7-Settings!$B$8-$L104-Settings!$B$9) | O104: =IF(OR($E104="",$M104="",$M104=0),"",ABS($E104-$M104)/$M104) | P104: =IF(OR($I104="",$M104="",$M104=0),"",ABS($I104-$M104)/$M104) | Q104: =IF(OR($O104="",$P104=""),"",IF($O104<$P104,"Copilot",IF($P104<$O104,"Other","Tie")))

Sheet Scorecard
A1: Scorecard
A2: All computed from the Log tab. Nothing to fill in here.
A4: Activity
A5: Listings appraised | B5: =COUNTA('Bake-off Log'!$B$5:$B$104)
A6: Items bought | B6: =COUNTIF('Bake-off Log'!$K$5:$K$104,"Y")
A7: Items sold (scored) | B7: =COUNT('Bake-off Log'!$M$5:$M$104)
A9: Accuracy — lower is better
A10: Copilot average error | B10: =IFERROR(AVERAGE('Bake-off Log'!$O$5:$O$104),"no data yet")
A11: Other tool average error | B11: =IFERROR(AVERAGE('Bake-off Log'!$P$5:$P$104),"no data yet")
A12: Copilot worst miss | B12: =IFERROR(MAX('Bake-off Log'!$O$5:$O$104),"no data yet")
A13: Other tool worst miss | B13: =IFERROR(MAX('Bake-off Log'!$P$5:$P$104),"no data yet")
A15: Head to head
A16: Copilot closer | B16: =COUNTIF('Bake-off Log'!$Q$5:$Q$104,"Copilot")
A17: Other tool closer | B17: =COUNTIF('Bake-off Log'!$Q$5:$Q$104,"Other")
A18: Tied | B18: =COUNTIF('Bake-off Log'!$Q$5:$Q$104,"Tie")
A20: Money
A21: Total actual profit | B21: =IFERROR(SUM('Bake-off Log'!$N$5:$N$104),0)
A22: Average profit per flip | B22: =IFERROR(AVERAGE('Bake-off Log'!$N$5:$N$104),"no data yet")
A23: Times Copilot said PASS | B23: =COUNTIF('Bake-off Log'!$G$5:$G$104,"pass")
A24: Times Copilot said STRONG | B24: =COUNTIF('Bake-off Log'!$G$5:$G$104,"strong")
A26: The number that matters is average error. A tool that says an item is worth $900 when it sells for $600 will talk you into bad buys, however confident it sounds.
A28: Ten sold items is enough to see a real gap. Fewer than five tells you nothing — one weird item swings the average.
